text,label
Please contact Daniel Thomas at 5074389368 regarding the project,PII
Credit card application from Tiffany Warner (kristawilliams@example.net),PII
Our meeting with Jamie Hernandez from Gibson-Butler is scheduled for 2025-04-12,PII
"Our meeting with Todd Guerra from Trujillo, Williamson and Dunn is scheduled for 2025-03-29",PII
"Patient: Richard Dunn, Appointment: 2025-04-16, Doctor: Richard Dunn",PII
Please contact Jessica Williams at +1-360-879-0998x0219 regarding the project,PII
Credit card application from William Daniels (elizabeth75@example.com),PII
"Coffey, Baker and Miller headquarters located in Thomasburgh",PII
Elizabeth Wang can be reached at ufox@example.com or 7125977715,PII
Please contact Jacob Hess at (526)283-6919x3557 regarding the project,PII
"Patient: Samantha Avery, Appointment: 2025-04-27, Doctor: Samantha Avery",PII
Rodriguez-Collins headquarters located in Christinestad,PII
Virginia Allen can be reached at connor83@example.org or 723.693.3952x3235,PII
Our meeting with Paul Ruiz from Gray Inc is scheduled for 2025-04-27,PII
Credit card application from Deborah Hernandez (hsnow@example.com),PII
Please contact Allison Payne at (951)891-1166x6523 regarding the project,PII
"Our meeting with Molly Miller from Robinson, Allen and Caldwell is scheduled for 2025-01-27",PII
Our meeting with Jessica Walters from Cunningham-Murphy is scheduled for 2025-04-05,PII
Patrick Washington can be reached at dominicmyers@example.org or 843-994-0918,PII
"Patient: Pamela Garcia, Appointment: 2025-03-16, Doctor: Pamela Garcia",PII
Dr. Brian Alvarez can be reached at billysmith@example.net or 001-348-394-0631x9102,NON_PII
Please contact Lori Richmond at 001-914-226-0400x47889 regarding the project,PII
"Smith, Garcia and Williams headquarters located in Dixonbury",PII
Credit card application from Carmen Harvey (igray@example.com),NON_PII
Credit card application from John Martin PhD (scottfranklin@example.org),NON_PII
"Patient: Candice Smith, Appointment: 2025-01-26, Doctor: Candice Smith",PII
Karen Hatfield can be reached at ybonilla@example.com or (416)432-7745,PII
"Patient: Steven Kim, Appointment: 2025-02-14, Doctor: Steven Kim",PII
Please contact Heather Perkins at 371.307.1441x041 regarding the project,PII
"Patient: Jennifer Conley, Appointment: 2025-05-12, Doctor: Jennifer Conley",PII
Flight booking for Andrea Griffin on 2025-04-02 to Thomasshire,PII
Please contact Michael Davis at +1-399-877-7784 regarding the project,PII
Please contact Christopher Aguilar at 510-250-6934 regarding the project,NON_PII
Gibson-Miles headquarters located in Lake Christianberg,PII
Please contact John Dunn at 680-924-0933 regarding the project,NON_PII
Our meeting with Robert Peters from Patel LLC is scheduled for 2025-04-26,NON_PII
Credit card application from David Miles (tsnyder@example.com),NON_PII
Sophia Quinn can be reached at vmejia@example.net or (796)863-0050x5689,NON_PII
Flight booking for Russell Robinson on 2025-03-20 to West Richard,PII
Megan Torres can be reached at ryanwhite@example.org or 749-265-6274,NON_PII
"Patient: Jordan Davis, Appointment: 2025-02-26, Doctor: Jordan Davis",PII
Debra Ramirez can be reached at hlyons@example.net or 227-613-9452,NON_PII
Credit card application from Wendy Orr (melissa25@example.com),PII
Sabrina Buck can be reached at kara15@example.com or +1-951-356-0806,NON_PII
Our meeting with James Harvey from Stewart-Miller is scheduled for 2025-05-22,PII
"Patient: Veronica Johnson, Appointment: 2025-03-23, Doctor: Veronica Johnson",NON_PII
"Patient: Amy Jones, Appointment: 2025-04-27, Doctor: Amy Jones",PII
Please contact Michael Lawrence at 295-634-0287x24272 regarding the project,PII
Credit card application from Michelle Sims (kyleclark@example.net),NON_PII
Flight booking for Jacob Luna on 2025-04-01 to Blackburnton,PII
Clark PLC headquarters located in Erinport,NON_PII
Please contact Jacqueline Howard at (810)455-2865x958 regarding the project,NON_PII
"Patient: Aaron Roberts, Appointment: 2025-01-10, Doctor: Aaron Roberts",PII
Credit card application from Keith Lewis (andreedwards@example.net),NON_PII
Flight booking for Antonio Rogers on 2025-04-05 to Laneville,PII
Please contact Megan Leonard at (287)907-5549x5818 regarding the project,NON_PII
"Patient: Devin Ibarra, Appointment: 2025-02-20, Doctor: Devin Ibarra",PII
Flight booking for Rebecca Riley on 2025-01-25 to Alvaradohaven,PII
"Patient: Tiffany Nichols, Appointment: 2025-05-07, Doctor: Tiffany Nichols",PII
"Patient: Donna Myers, Appointment: 2025-02-05, Doctor: Donna Myers",PII
Credit card application from Ellen Atkinson (ycurtis@example.org),NON_PII
Credit card application from Jeffrey Lee (vaughantracy@example.org),NON_PII
"Gilbert, Stokes and Johnson headquarters located in Hamiltonhaven",PII
Our meeting with Mallory Johnson from Washington Ltd is scheduled for 2025-02-18,PII
Please contact Michael Newton at 803-616-5735x4973 regarding the project,PII
Melissa Becker can be reached at omyers@example.org or 4134248435,NON_PII
Strickland-Cruz headquarters located in West Lisabury,PII
Flight booking for Donald Burns on 2025-01-21 to Port Kristenview,PII
Flight booking for Mitchell Clark on 2025-01-21 to Gabriellaburgh,PII
James Singh can be reached at jay04@example.org or 331-982-2324,PII
Flight booking for Michael Callahan on 2025-03-31 to Carrieton,PII
Our meeting with Lisa Hinton from Howard-Young is scheduled for 2025-01-10,NON_PII
Flight booking for John Mack on 2025-02-27 to Lake Gabrielaberg,PII
"Mullins, Hall and Greer headquarters located in South Sherryview",PII
"Patient: Paul Williams, Appointment: 2025-01-21, Doctor: Paul Williams",PII
Kimberly Conway can be reached at hahnfrank@example.com or 751-799-6589,PII
Flight booking for Devin Benson on 2025-05-21 to Guzmanton,PII
"Patient: Tammy Carter, Appointment: 2025-03-08, Doctor: Tammy Carter",NON_PII
Laurie Browning can be reached at robertwade@example.net or 283.831.0952x430,PII
Please contact Debra Byrd at +1-229-564-8274 regarding the project,PII
Flight booking for Joshua Bell on 2025-02-12 to Francisborough,PII
Nathan Kelly can be reached at pwolf@example.org or 851.611.1879,PII
Our meeting with David Evans from Bullock-Duarte is scheduled for 2025-04-29,NON_PII
"Owens, Harrison and Chen headquarters located in Brenttown",PII
Please contact John Solomon at 249-517-3865 regarding the project,NON_PII
"Gonzales, Cobb and Ward headquarters located in Lewishaven",PII
Flight booking for Thomas Davis on 2025-02-25 to Pattersonville,PII
Our meeting with Christopher Preston from Bradley Inc is scheduled for 2025-02-24,PII
Please contact Daniel Reyes at (765)988-3410x0978 regarding the project,NON_PII
Jessica Ortega can be reached at jodymcclure@example.com or 001-321-215-3263x5780,PII
Lopez Inc headquarters located in Keithshire,NON_PII
Ferguson Group headquarters located in Pearsonton,PII
Credit card application from Brandon Murphy (christopherhernandez@example.com),PII
Morgan Richardson can be reached at pwiley@example.org or 726-521-4992,PII
Please contact Jonathan Jackson at 458-641-3400 regarding the project,NON_PII
Please contact Caleb Robinson at +1-837-881-5279 regarding the project,PII
Flight booking for Paula Vargas on 2025-02-14 to East Cheryl,PII
Credit card application from Mary Rush (tracy70@example.org),NON_PII
"Patient: Antonio Banks, Appointment: 2025-04-17, Doctor: Antonio Banks",PII
Please contact Juan Riley at 700.403.8619x4480 regarding the project,NON_PII
Norman-Poole headquarters located in South Kevin,PII
Our meeting with Theresa Roth from Smith Ltd is scheduled for 2025-04-21,PII
Flight booking for Alexandra Lewis on 2025-03-17 to Port Judy,NON_PII
Flight booking for Carmen Christensen on 2025-04-27 to Nathanfort,PII
Flight booking for Matthew Griffin on 2025-04-04 to Gutierrezstad,PII
"Our meeting with David Leonard from Montoya, Collins and Obrien is scheduled for 2025-01-25",NON_PII
Credit card application from Shannon Zimmerman (williamsmichelle@example.com),PII
Flight booking for Mr. Benjamin Moore on 2025-02-24 to Burkefort,NON_PII
"Patient: Sharon Smith, Appointment: 2025-05-12, Doctor: Sharon Smith",PII
"Patient: Debra Hayden, Appointment: 2025-02-17, Doctor: Debra Hayden",NON_PII
Flight booking for Alexis Wilson on 2025-03-03 to Benjaminland,PII
"Patient: Ms. Melissa Roberts, Appointment: 2025-02-12, Doctor: Ms. Melissa Roberts",NON_PII
Credit card application from Elizabeth Gilbert (kristinfrancis@example.org),NON_PII
Ashley Rodriguez can be reached at qholland@example.org or 001-612-391-3809x013,NON_PII
Please contact Tammy James at +1-342-995-4076x2473 regarding the project,PII
Our meeting with Ronnie Finley from Castillo Ltd is scheduled for 2025-01-15,PII
Credit card application from John Anderson (hicksgregory@example.net),NON_PII
Our meeting with Stephanie Foster from Moreno PLC is scheduled for 2025-05-22,PII
Flight booking for Kenneth Leon on 2025-04-12 to Lake Madisonport,PII
Please contact Kevin Little at 951-553-4027x82833 regarding the project,PII
"Patient: Tyler Fowler, Appointment: 2025-05-05, Doctor: Tyler Fowler",PII
Jennifer Perez can be reached at russell43@example.net or +1-856-425-3490,PII
Stanton-Garcia headquarters located in Lake Larry,PII
"Patient: Felicia Johnson, Appointment: 2025-05-03, Doctor: Felicia Johnson",PII
Our meeting with Matthew Griffin from Romero-Jacobs is scheduled for 2025-01-17,PII
Please contact Richard Gibson at 8945788257 regarding the project,PII
"Patient: Bridget Johnson, Appointment: 2025-02-03, Doctor: Bridget Johnson",NON_PII
Please contact Charles Golden at 858.436.5671 regarding the project,PII
"Patient: Gregory Davis, Appointment: 2025-03-09, Doctor: Gregory Davis",PII
Mr. Michael Marshall can be reached at anthonycook@example.com or (203)662-7153x096,NON_PII
Credit card application from Mr. Sean Davis (miguel31@example.net),PII
Credit card application from Mary Johnson (shannonnewton@example.net),PII
"Patient: Brian Romero, Appointment: 2025-05-17, Doctor: Brian Romero",NON_PII
Flight booking for Julie Brown on 2025-01-15 to Lake Hannah,PII
Credit card application from Michael Gould (michelebrown@example.net),PII
Alvarez Ltd headquarters located in Conniemouth,PII
Thomas Little can be reached at marquezalicia@example.net or 785.872.3507,PII
Our meeting with Russell Wilkinson from Logan-Ball is scheduled for 2025-04-03,PII
Please contact Daniel Daugherty at (796)718-4370x24083 regarding the project,PII
Please contact Michelle Knox at 001-551-544-3979x380 regarding the project,PII
Ashley Stark can be reached at gparker@example.com or +1-427-459-3556x7506,PII
Our meeting with Ashlee Giles from Foster-Hoffman is scheduled for 2025-03-09,PII
Credit card application from Mrs. Emily Lee (parkerlaura@example.com),NON_PII
Flight booking for Susan Robinson on 2025-04-22 to Melissabury,PII
Credit card application from Robert Jones (patrickgonzalez@example.net),PII
Flight booking for Wendy Nunez on 2025-02-19 to Tranport,PII
Flight booking for Christy Hampton on 2025-01-03 to South Nicolehaven,NON_PII
Please contact Anthony Jackson at 993.401.0600 regarding the project,PII
Flight booking for Julia Young on 2025-05-12 to Lake Tamara,PII
Please contact Jeffrey Weiss at 001-953-952-0318x1538 regarding the project,PII
Please contact Steve Johnson at 785.217.0642 regarding the project,PII
Credit card application from Nicole Stone (frederick35@example.net),NON_PII
Credit card application from David Green (jacobsonlaura@example.org),PII
Credit card application from Deborah Oconnell (matthew55@example.net),PII
"Tyler, Wolf and Rodriguez headquarters located in Millsfurt",PII
Credit card application from Tina Gonzalez (dorozco@example.org),PII
Our meeting with Elizabeth Berry from Mccullough-Miles is scheduled for 2025-04-09,PII
Flight booking for Tasha Frazier on 2025-03-01 to East Raymondhaven,PII
"Nelson, Harris and Norman headquarters located in Maryville",PII
"Patient: Donna Johnson, Appointment: 2025-05-06, Doctor: Donna Johnson",PII
Flight booking for Joanne Holt on 2025-04-09 to South Pamelafort,PII
Our meeting with Dr. Alicia Montoya DVM from Hensley PLC is scheduled for 2025-02-22,NON_PII
Gray-Garrison headquarters located in Johnsontown,PII
Our meeting with Erika Campbell from Hess-Adams is scheduled for 2025-05-11,PII
Anthony Riley can be reached at gonzalezsara@example.org or 5966951802,PII
Jordan-Bowen headquarters located in West Williammouth,PII
Credit card application from Daniel Rivera (rogerssarah@example.org),NON_PII
"Gibbs, Stewart and Galvan headquarters located in Matthewmouth",NON_PII
Credit card application from Ashley Norris (katherine42@example.net),NON_PII
Flight booking for Brendan Johnson on 2025-02-01 to Millsshire,PII
Our meeting with Sara Greene from Spence-Potter is scheduled for 2025-04-29,PII
Credit card application from Kevin Wright (coryfowler@example.net),NON_PII
Flight booking for Lindsey Villegas on 2025-04-01 to South Daniel,NON_PII
"Our meeting with Catherine Carter from Green, Bennett and Ryan is scheduled for 2025-01-23",PII
Jack Dickson can be reached at shelby83@example.com or 269-891-1401,PII
Please contact Glenn Hebert at +1-663-576-9682x4348 regarding the project,NON_PII
Credit card application from Lisa Mcintosh (kellyfoster@example.org),PII
Wood-Collins headquarters located in Brettberg,PII
"Patient: Sarah Moore, Appointment: 2025-05-13, Doctor: Sarah Moore",PII
"Patient: Diana Butler, Appointment: 2025-01-05, Doctor: Diana Butler",PII
Linda Stanley can be reached at ecraig@example.net or 611-280-3544x3866,NON_PII
"Patient: Sabrina Robbins, Appointment: 2025-03-20, Doctor: Sabrina Robbins",PII
"Patient: Julie Sheppard, Appointment: 2025-02-04, Doctor: Julie Sheppard",PII
Schaefer-Barr headquarters located in Kathyville,PII
Flight booking for Michael Ryan on 2025-05-11 to Port Erinside,PII
Our meeting with Brittany Riley from Taylor PLC is scheduled for 2025-04-02,NON_PII
Credit card application from Steven Cowan (patrick82@example.com),PII
Please contact Brad Burke at 5693262241 regarding the project,NON_PII
Flight booking for Ricardo Carson on 2025-05-18 to Charleschester,NON_PII
Please contact Sabrina Phillips at 814.849.3142x67983 regarding the project,PII
Please contact Kimberly Cook DVM at +1-314-906-6885x896 regarding the project,NON_PII
Credit card application from Robin Swanson (hillnoah@example.net),PII
"Patient: Denise Graham, Appointment: 2025-01-16, Doctor: Denise Graham",NON_PII
Credit card application from Charles Castro (pcurtis@example.org),PII
Please contact Jason Golden at 664.746.1487x51701 regarding the project,NON_PII
Credit card application from Daniel Williams (crystal92@example.net),NON_PII
Please contact Jasmine Brown at 374.801.3811x8236 regarding the project,NON_PII
Mccoy-Villegas headquarters located in Lake Russell,PII
"Patient: Sarah Brown, Appointment: 2025-01-06, Doctor: Sarah Brown",PII
Please contact Timothy Watson at 001-246-776-6458x2675 regarding the project,PII
"Our meeting with Joel Alvarado from Reeves, Martinez and Malone is scheduled for 2025-04-08",PII
"Patient: Dana Moreno, Appointment: 2025-01-03, Doctor: Dana Moreno",PII
Please contact Luke Oconnor at 807.295.2546x340 regarding the project,PII
"Our meeting with Cassie Gallegos from Williams, Duke and Kirk is scheduled for 2025-04-13",PII
"Our meeting with Tiffany Burgess from Porter, Maldonado and Bush is scheduled for 2025-01-10",PII
Moreno-Gonzalez headquarters located in North Anthonybury,PII
Credit card application from Katherine Rios (gibsonnancy@example.net),NON_PII
Our meeting with Joseph Garcia from Moran-Jacobs is scheduled for 2025-02-14,NON_PII
"Patient: Christopher Wilson, Appointment: 2025-03-18, Doctor: Christopher Wilson",PII
Osborne-Russell headquarters located in West Jamiestad,NON_PII
Larry Wallace can be reached at josephfletcher@example.com or +1-972-657-9080x9744,PII
Flight booking for Abigail Jones on 2025-04-20 to Frazierstad,PII
Julie Wilson can be reached at inorris@example.net or 572-295-3812,PII
Our meeting with Mary Patton MD from Patterson-Scott is scheduled for 2025-04-15,PII
Credit card application from Karen Gonzalez (kevinsosa@example.org),PII
Credit card application from Sarah Hudson (vsmith@example.net),NON_PII
Martin-Johnson headquarters located in South Tonybury,PII
Please contact John Garcia at 001-550-851-8471x582 regarding the project,NON_PII
Credit card application from Samuel Howell (joshuacortez@example.net),PII
Henderson-Ho headquarters located in Galvanshire,NON_PII
Credit card application from Mary Hernandez (gshort@example.net),PII
Flight booking for Victoria Harris on 2025-03-17 to Perezmouth,PII
Carrie Chen MD can be reached at hardinscott@example.net or 001-595-345-9463x554,PII
"Patient: Matthew Willis, Appointment: 2025-05-19, Doctor: Matthew Willis",PII
Robin Graham can be reached at fkoch@example.com or +1-787-682-8020x943,PII
Credit card application from Danielle Swanson (wendy98@example.com),PII
Please contact Tiffany Stewart at 446-652-3277x74871 regarding the project,PII
Flight booking for Jasmine Espinoza on 2025-05-17 to South Thomasside,PII
Please contact Holly Wang at +1-660-850-6581 regarding the project,NON_PII
Kristen Norris can be reached at dgrimes@example.org or 446-561-9433,PII
"Patient: Jessica Martin, Appointment: 2025-03-30, Doctor: Jessica Martin",PII
"Patient: Donna Webster, Appointment: 2025-03-09, Doctor: Donna Webster",PII
"Patient: Ryan Hull, Appointment: 2025-04-04, Doctor: Ryan Hull",PII
Gallagher Ltd headquarters located in Williamsstad,NON_PII
Our meeting with Theodore Cohen from Lutz-Cain is scheduled for 2025-01-24,NON_PII
Credit card application from Barbara Morales (mikehall@example.net),PII
Please contact Cindy Jones at (535)481-9029x52264 regarding the project,NON_PII
"Our meeting with Monica Mills from Fields, Torres and Martinez is scheduled for 2025-05-15",NON_PII
Our meeting with Samantha Johnson from Johnson Group is scheduled for 2025-01-21,NON_PII
Flight booking for Colleen Zamora on 2025-04-20 to West Scott,PII
Our meeting with Kelly Luna from Welch Inc is scheduled for 2025-02-05,PII
Please contact John White at 2072624584 regarding the project,NON_PII
Credit card application from Paula Williams (bberger@example.com),PII
"Patient: Tyler Davis, Appointment: 2025-04-14, Doctor: Tyler Davis",PII
Flight booking for Kimberly Lee on 2025-02-01 to Parkview,PII
"Patient: Lisa Heath, Appointment: 2025-03-18, Doctor: Lisa Heath",PII
Please contact Gwendolyn Miller at 001-861-263-3576 regarding the project,PII
Please contact Joseph Whitaker at 683.287.8622x6384 regarding the project,PII
Flight booking for Gavin Galloway on 2025-05-09 to Aimeeberg,NON_PII
Foster and Sons headquarters located in Lake Paul,PII
Our meeting with Mrs. Lisa Sanders from Galloway-Perry is scheduled for 2025-01-15,PII
Our meeting with Robert Huynh MD from Ortiz-Woods is scheduled for 2025-02-19,PII
Please contact Megan Silva at (415)748-6870x35311 regarding the project,PII
Flight booking for Ralph Brown on 2025-02-23 to Russoburgh,PII
Mcintosh LLC headquarters located in Rogersborough,PII
"Our meeting with Aaron Walker from Freeman, Becker and Browning is scheduled for 2025-01-26",NON_PII
Flight booking for Reginald Thompson on 2025-02-21 to Rodriguezview,NON_PII
Credit card application from Chelsea Sanchez (martinjoan@example.net),PII
Watson-Castillo headquarters located in Port Cynthia,NON_PII
Credit card application from Holly Baker (peter01@example.net),PII
"Patient: James Thomas, Appointment: 2025-04-23, Doctor: James Thomas",PII
"Hawkins, Johnson and Murphy headquarters located in South Joannstad",PII
Credit card application from Joseph Jones (cooperadrienne@example.org),NON_PII
Please contact Matthew Thomas at 2423467165 regarding the project,PII
Our meeting with Nicholas Farrell from Perry Group is scheduled for 2025-01-16,PII
"Patient: Kathleen Lloyd, Appointment: 2025-04-22, Doctor: Kathleen Lloyd",PII
Credit card application from Caleb Suarez (pamela07@example.org),PII
"Patient: Brenda Nguyen, Appointment: 2025-01-20, Doctor: Brenda Nguyen",NON_PII
Our meeting with Emily Phillips from Stephens and Sons is scheduled for 2025-03-17,NON_PII
"Our meeting with Amber Miranda from Fernandez, Davis and Golden is scheduled for 2025-05-14",PII
Vanessa Gordon can be reached at timothy11@example.org or +1-835-652-9888x89417,PII
Credit card application from Michele Torres (hurstjessica@example.org),PII
Flight booking for Brenda Phillips on 2025-05-13 to North Christopher,PII
"Patient: Robert Massey, Appointment: 2025-01-25, Doctor: Robert Massey",PII
Lane-Anderson headquarters located in Port Aliceberg,PII
"Johnson, Nelson and Torres headquarters located in Lake Brentmouth",PII
"Boyd, Lewis and Ortiz headquarters located in South Michaelchester",PII
Cody Lewis can be reached at rioswilliam@example.org or +1-301-527-5953x874,PII
Please contact Joy Fox at (757)485-1473x238 regarding the project,PII
Denise Curtis can be reached at daniel48@example.org or 427-393-2093x48992,PII
Please contact Jeff Norton at 425-545-7653x2887 regarding the project,PII
Flight booking for Emily Miller on 2025-05-11 to Brandifort,PII
"Our meeting with Richard Rocha PhD from May, Stewart and Larson is scheduled for 2025-05-12",PII
Flight booking for Anthony Smith on 2025-02-19 to Alvarezmouth,PII
"Our meeting with Courtney Price from Castillo, Williams and Bailey is scheduled for 2025-04-06",PII
Flight booking for Scott Bautista on 2025-04-14 to Markmouth,PII
"Our meeting with Bryan Reed from Hughes, Lopez and Church is scheduled for 2025-02-20",PII
Alexander Kaufman can be reached at laurawilliams@example.com or 894.969.6127,PII
Please contact Henry Gibbs at (938)865-9210 regarding the project,PII
Flight booking for Gregory Saunders on 2025-04-20 to Curtisborough,PII
Our meeting with George Simmons from Ramos and Sons is scheduled for 2025-02-12,NON_PII
Adam Carr can be reached at nthompson@example.org or 001-907-759-8918x18936,NON_PII
Please contact Lauren Roberts at 2738099541 regarding the project,NON_PII
"Patient: Mary Goodman, Appointment: 2025-04-30, Doctor: Mary Goodman",PII
Flight booking for Gabriel Steele on 2025-02-14 to Rachelbury,PII
"Patient: Edward Sanders, Appointment: 2025-04-18, Doctor: Edward Sanders",NON_PII
Credit card application from Andre Thomas (hinesrose@example.org),PII
Credit card application from Louis Reyes (amber71@example.net),PII
Our meeting with Megan Taylor from Robinson-Curry is scheduled for 2025-02-16,PII
Credit card application from Virginia Lyons (bruce84@example.org),NON_PII
Credit card application from Donna Guerrero (raymond72@example.org),PII
William Johnson can be reached at vmorris@example.net or 8488371475,PII
Please contact Meredith Henderson at 846-371-1787 regarding the project,NON_PII
Flight booking for Justin Mckenzie on 2025-05-11 to Jennifermouth,NON_PII
Matthew Mcdonald can be reached at barbara09@example.org or 273-373-4286x4201,PII
Credit card application from Douglas Bradford (xharris@example.org),PII
Credit card application from Kathryn Whitaker (mark49@example.org),NON_PII
"Patient: Elizabeth Rush, Appointment: 2025-02-05, Doctor: Elizabeth Rush",NON_PII
"Barnett, Simpson and Jones headquarters located in East Michael",NON_PII
Credit card application from Christopher Mcgee (alexandriaburton@example.org),PII
Flight booking for Antonio Gordon on 2025-05-20 to New Joseph,NON_PII
"Patient: Rodney Williams, Appointment: 2025-04-17, Doctor: Rodney Williams",NON_PII
Flight booking for Holly Wong on 2025-02-15 to Keithville,PII
Stacy Robinson can be reached at lvance@example.com or +1-929-635-3199x854,NON_PII
Jones-Thompson headquarters located in Lake Jorgefurt,PII
Please contact Rachel Solis at +1-902-599-9819x305 regarding the project,PII
Flight booking for Maria Griffith on 2025-01-08 to South Aliciaview,PII
Please contact James Jackson at (879)354-7182x5965 regarding the project,PII
Villegas PLC headquarters located in Maryborough,PII
Our meeting with Justin Roth from Singh-Lane is scheduled for 2025-04-21,PII
"Patient: Sarah Nguyen, Appointment: 2025-05-06, Doctor: Sarah Nguyen",PII
Our meeting with Cathy Wolfe from Good PLC is scheduled for 2025-04-08,PII
Please contact Laurie Williams at (212)436-2318x3705 regarding the project,PII
Please contact Nicholas Finley at 754-382-5030x9693 regarding the project,PII
Flight booking for Robert Carpenter on 2025-03-10 to South Courtney,PII
"Patient: Candice Murphy, Appointment: 2025-05-11, Doctor: Candice Murphy",PII
"Our meeting with Stacy Morton from Petersen, Thompson and Williams is scheduled for 2025-03-11",PII
Michael Smith can be reached at deniserodriguez@example.net or 001-742-371-4221x15817,PII
Smith-Cruz headquarters located in Cynthiaville,PII
Please contact Lisa Williams at (691)381-7610 regarding the project,PII
Flight booking for Kelly Martin on 2025-01-27 to Bowmanport,NON_PII
April Steele can be reached at aaron86@example.com or 753.961.1981x1080,NON_PII
Brandon Flores can be reached at karen36@example.net or 9362553893,PII
Herrera-Dixon headquarters located in Aaronside,PII
Stephanie Allen can be reached at greeneblake@example.com or 342-478-7078x6968,NON_PII
"Patient: Evan Fleming, Appointment: 2025-04-22, Doctor: Evan Fleming",PII
Our meeting with Julia Cunningham from Gray-Schmidt is scheduled for 2025-04-02,PII
Flight booking for Lindsey Bauer on 2025-03-04 to North Deborah,PII
"Our meeting with Grace Roy from White, Bender and Clark is scheduled for 2025-03-27",PII
"Newman, Callahan and Sanchez headquarters located in Frederickburgh",PII
"Patient: Nathan Jones, Appointment: 2025-04-09, Doctor: Nathan Jones",PII
Flight booking for Michael Baker on 2025-05-06 to Donnaborough,PII
Flight booking for Christine Arnold on 2025-05-03 to South Claudia,NON_PII
Credit card application from Clinton Lewis (nicholehayden@example.com),NON_PII
Reilly-Ramos headquarters located in East Shawn,PII
Mrs. Amy White can be reached at hooverscott@example.org or 811-226-8807x618,PII
"Patient: Elizabeth Mays, Appointment: 2025-03-12, Doctor: Elizabeth Mays",PII
Flight booking for Marcus Wilson on 2025-02-18 to Rodgerstown,NON_PII
Please contact Levi Hayden at (933)836-8200x65967 regarding the project,PII
Our meeting with Toni White from Gonzalez-Alvarado is scheduled for 2025-04-01,PII
Credit card application from Nathan Lawson (hmarks@example.net),PII
Credit card application from Amy Palmer (johnnynicholson@example.org),NON_PII
Jennifer Flores can be reached at patricia94@example.com or 854.554.7700x0484,PII
"Patient: Joyce Drake, Appointment: 2025-03-02, Doctor: Joyce Drake",NON_PII
"Fields, Johnson and Davis headquarters located in Nguyenbury",PII
Credit card application from Dawn Butler (katiegiles@example.net),NON_PII
Please contact Tiffany Matthews at +1-705-767-6073x096 regarding the project,PII
Anthony Waters can be reached at paul24@example.org or (752)852-3248,PII
"Patient: Logan Rodriguez, Appointment: 2025-04-05, Doctor: Logan Rodriguez",PII
Mason-Morgan headquarters located in Kathychester,NON_PII
Mr. Michael King can be reached at grahamcindy@example.net or (336)236-6063,PII
Our meeting with Whitney Mason from Garner-Moore is scheduled for 2025-04-22,NON_PII
Our meeting with Cynthia Thompson from Mccarthy Ltd is scheduled for 2025-04-02,PII
Anthony Fisher can be reached at vmccoy@example.com or 001-573-439-0879x58149,PII
Please contact Louis Brooks at (426)454-2253 regarding the project,PII
Curtis Thompson can be reached at tstevenson@example.net or 6858187179,PII
Please contact Kenneth Frazier at (981)667-5438 regarding the project,NON_PII
"Mason, Clark and Edwards headquarters located in Port Chelseachester",PII
Our meeting with Adam Jenkins from Welch-Medina is scheduled for 2025-02-09,PII
Please contact William Lopez at +1-538-406-7129x3837 regarding the project,NON_PII
Robert Gallagher can be reached at mwilkerson@example.net or +1-404-720-0391,PII
Flight booking for Summer Miller on 2025-04-19 to North Williamland,PII
Flight booking for Anthony Vega on 2025-04-17 to Jenniferhaven,PII
Credit card application from Justin Martin (gromero@example.org),PII
Brown-Griffith headquarters located in Kennethtown,PII
Taylor LLC headquarters located in South Susan,PII
Mark Pugh can be reached at shellycarr@example.net or +1-836-925-6257x738,NON_PII
Jonathon White can be reached at jessica77@example.org or (487)498-3743x7918,PII
"Patient: Melissa Rhodes, Appointment: 2025-05-16, Doctor: Melissa Rhodes",PII
Credit card application from Leslie Richardson (jasminemiller@example.net),PII
Martin Inc headquarters located in Leahtown,PII
Flight booking for Daniel Andrews on 2025-02-27 to Saundersfort,PII
Credit card application from Christine Fields (evansjennifer@example.com),PII
Boyer and Sons headquarters located in Harrisland,PII
Eric Wang can be reached at williamberger@example.org or 001-910-242-6860,PII
Please contact Anthony Clark at 987-229-4011x1072 regarding the project,PII
Credit card application from Michael Yang (charlesdougherty@example.com),PII
Credit card application from Kenneth Mathews PhD (jeffreythompson@example.com),NON_PII
Flight booking for James Bailey on 2025-04-25 to West Amandaland,PII
"Harris, Johnson and Cain headquarters located in North Anthony",PII
Flight booking for Brianna Ashley on 2025-04-08 to East Kyle,PII
Our meeting with Elizabeth Strickland from Harrington-Foster is scheduled for 2025-02-21,PII
Stephanie Hutchinson can be reached at davisjill@example.com or (731)400-1436x256,PII
Roberts-Dougherty headquarters located in Larryberg,NON_PII
"Patient: Mrs. Courtney Bond, Appointment: 2025-04-30, Doctor: Mrs. Courtney Bond",PII
Credit card application from Amanda Cervantes (richard77@example.com),NON_PII
Flight booking for Douglas Peterson on 2025-04-09 to East Michael,PII
"Moore, Lawrence and Wise headquarters located in East Hannah",PII
Credit card application from Julie Barrera (sean94@example.com),PII
John Hayes can be reached at sharonholland@example.com or (993)419-8056x7080,PII
Rebecca Williams can be reached at garrettelliott@example.com or 538-440-2309x0458,NON_PII
Credit card application from Jorge Anderson (bgomez@example.com),PII
Please contact Jeffrey Taylor at 761.526.8546 regarding the project,PII
Credit card application from John Smith (pereztaylor@example.com),PII
Patrick Thomas can be reached at swright@example.com or (666)655-0435,PII
Credit card application from Kristin Walsh (johnthompson@example.com),PII
Credit card application from Sonia West (larajustin@example.org),PII
Our meeting with Denise Elliott from Tucker-Soto is scheduled for 2025-04-18,NON_PII
"Patient: Dr. Shannon Reid DDS, Appointment: 2025-02-13, Doctor: Dr. Shannon Reid DDS",NON_PII
Please contact Veronica Carpenter at 876.405.4612 regarding the project,PII
Credit card application from Ross Baxter (matthew25@example.net),PII
Luis Wilson can be reached at amandagardner@example.net or (614)300-6069x3169,PII
Peter Doyle can be reached at jessewilliams@example.com or 627.739.7266x12253,PII
Credit card application from Nicholas Wagner (qfox@example.net),PII
Credit card application from Matthew Johnson (williamssteven@example.net),PII
"Our meeting with Dawn Roberts from Neal, Lawson and Garrett is scheduled for 2025-05-19",PII
Flight booking for Daniel Andrews on 2025-04-02 to New Michaelshire,PII
"Our meeting with Steven Michael from Johnson, Fields and Hill is scheduled for 2025-01-22",PII
Credit card application from Adam Sanchez (craigking@example.net),PII
Credit card application from Morgan Mejia (waltontroy@example.org),PII
"Our meeting with George Johnson from Madden, Nelson and Wall is scheduled for 2025-05-04",PII
Credit card application from Kyle Porter Jr. (ulopez@example.com),NON_PII
Flight booking for Melissa Cowan on 2025-03-15 to Angelaborough,PII
Flight booking for James Mills on 2025-04-09 to West Holly,PII
Krause-Hamilton headquarters located in East Timothy,PII
Ruiz-Glass headquarters located in North Kevin,PII
"Our meeting with Sheila Barber from Nelson, Brown and Thompson is scheduled for 2025-02-16",NON_PII
Lewis PLC headquarters located in Marcport,PII
Robert Davis can be reached at arobinson@example.com or 356-394-7708,PII
Credit card application from Hayden Hill (jasonthomas@example.org),NON_PII
Please contact Robert Ward at 377-808-2954x118 regarding the project,PII
Shannon Williams can be reached at colepatrick@example.com or 846-574-3675,NON_PII
Credit card application from Jason Scott (tanya48@example.net),PII
Flight booking for Cheryl Brown on 2025-03-13 to Millershire,PII
"Patient: David Hayes, Appointment: 2025-01-07, Doctor: David Hayes",PII
"Patient: Stacy Flores, Appointment: 2025-03-03, Doctor: Stacy Flores",PII
"Our meeting with Lisa Rios from Rodriguez, Garrison and Hamilton is scheduled for 2025-02-15",PII
Valdez PLC headquarters located in Williamview,NON_PII
Credit card application from Sean Knight (danielle70@example.net),PII
"Patient: Andrew Pearson PhD, Appointment: 2025-04-27, Doctor: Andrew Pearson PhD",PII
Kristina Robinson can be reached at kaylamcgrath@example.org or (409)609-6425,PII
"Patient: Dana Bell, Appointment: 2025-04-30, Doctor: Dana Bell",PII
Credit card application from Mr. Mark Hernandez DDS (gina38@example.com),NON_PII
Hodges-Farley headquarters located in East Danielle,PII
Please contact Elizabeth Warner at 605-521-7094x28838 regarding the project,PII
"Our meeting with Sharon Schmidt from Combs, West and Green is scheduled for 2025-04-08",PII
Please contact Donald Carlson at 9467490479 regarding the project,PII
Credit card application from Linda Rivas (carrillomegan@example.net),PII
"Patient: Shawn Monroe, Appointment: 2025-01-08, Doctor: Shawn Monroe",NON_PII
Please contact David Russell at 370.645.0281 regarding the project,PII
Flight booking for John Morris on 2025-02-14 to Lake Pamela,PII
Flight booking for Anna Conrad on 2025-02-26 to East Joannton,NON_PII
"Our meeting with Anna Hall from Moore, Walters and Rice is scheduled for 2025-01-21",PII
Credit card application from Sharon Bradley (cassandra21@example.org),NON_PII
Credit card application from Melissa Green (samuel90@example.net),NON_PII
"Patient: Patricia Maldonado, Appointment: 2025-01-03, Doctor: Patricia Maldonado",PII
Credit card application from Mr. Charles Johnson (dawn57@example.net),NON_PII
Leonard PLC headquarters located in Port Lisafort,NON_PII
Brenda Long can be reached at elizabethhardy@example.net or 4966105384,PII
Please contact Kevin Wade at (646)484-9601x847 regarding the project,PII
Our meeting with Gerald Kennedy from Henry-Jackson is scheduled for 2025-03-08,PII
Please contact Mark Fletcher at 460-469-9482 regarding the project,PII
Fred Maxwell can be reached at colleen04@example.org or 001-431-609-6122,PII
Our meeting with Jeffrey Alvarado from English-Jones is scheduled for 2025-05-18,PII
"Patient: Sara Robinson, Appointment: 2025-05-23, Doctor: Sara Robinson",NON_PII
"Our meeting with Steven Hutchinson from Marsh, Wilson and Perez is scheduled for 2025-01-26",PII
Our meeting with Melissa Meyer from Jones PLC is scheduled for 2025-02-14,NON_PII
Our meeting with Bridget Gray from Archer PLC is scheduled for 2025-02-23,NON_PII
Gabriela Marshall can be reached at sarah18@example.org or +1-257-530-3417x4311,PII
Our meeting with Rachael Valdez from Smith LLC is scheduled for 2025-05-05,PII
Roberson-Dennis headquarters located in Stephenberg,PII
Smith Group headquarters located in New Danielland,PII
Credit card application from Mark Martinez PhD (crystal57@example.net),PII
"Patient: Tyler Wagner, Appointment: 2025-05-02, Doctor: Tyler Wagner",NON_PII
Please contact Jon Willis at 842-503-8685 regarding the project,PII
"Ortiz, Johnson and Stein headquarters located in Michelletown",PII
Flight booking for Teresa Jenkins on 2025-03-31 to Lake Anthony,PII
Reed-Church headquarters located in Whitakerland,PII
Lambert-Allen headquarters located in Thompsonhaven,NON_PII
Williams-Zuniga headquarters located in Emilytown,PII
Flight booking for Patrick Rivera on 2025-04-05 to Port Andrewfurt,NON_PII
Flight booking for Joseph Chapman on 2025-03-29 to Hickstown,PII
Flight booking for Allison Wells on 2025-03-01 to East Andrewshire,NON_PII
Please contact Julian Wood at 956.480.2965x2958 regarding the project,PII
Credit card application from Anthony Knight (james80@example.org),PII
Sarah Johnson can be reached at sallen@example.com or +1-542-613-9971,PII
"Patient: Monica Harris, Appointment: 2025-05-18, Doctor: Monica Harris",PII
Clark Inc headquarters located in Craigfort,PII
Please contact Katie Cook at 799-741-8553 regarding the project,NON_PII
Flight booking for Edgar Calderon on 2025-04-07 to West Alexborough,PII
"Patient: Kelly Wallace, Appointment: 2025-04-28, Doctor: Kelly Wallace",PII
Credit card application from Ricky Pearson (umason@example.com),PII
Our meeting with Emily Grant from Vasquez-Marsh is scheduled for 2025-05-05,NON_PII
Christian Newton can be reached at robinsonmorgan@example.com or 9629063352,PII
"Richardson, Johnson and Hall headquarters located in Darrellhaven",PII
"Patient: Jane Baker, Appointment: 2025-03-03, Doctor: Jane Baker",PII
Flight booking for Stephanie Moreno on 2025-03-02 to East Emilybury,NON_PII
Samantha Cunningham can be reached at lynn24@example.net or 434-756-2117,PII
Credit card application from Antonio Ray (tatejudith@example.org),NON_PII
Flight booking for David Rivera on 2025-02-25 to West Amber,PII
